folder,file,bytes,duration_seconds,sample_rate_hz,frames,id3v2,status,sha256
speech,voice_1000_points.mp3,31276,0.914,44100,35,True,PASS,1c14a86f2b29025fe17dec9d1d0f15e8e97e968a05a96715bf1814511646bef3
speech,voice_100_points.mp3,32948,1.019,44100,39,True,PASS,44b9ca7fa2ee1f88896b0d6459171cdcb493efbffc917a771eef8b17ff93c452
speech,voice_1500_points.mp3,37128,1.28,44100,49,True,PASS,a29d48615baf90d1a28f56073b0a385c6ca5415ece5aeadfdc7ba327d725cac2
speech,voice_2000_points.mp3,35038,1.149,44100,44,True,PASS,d3542fe674092b780452260b6496dff7a5fed287695c691cd78ed80e99c664ad
speech,voice_200_points.mp3,35874,1.202,44100,46,True,PASS,9d901362221e23fb282d8ed3e83787c60327ae6ab8f8fe72755f157d9060ccde
speech,voice_250_points.mp3,37963,1.332,44100,51,True,PASS,bb56287f5d029e5af1a3819d2fa74408c134554bafacdbad13d314a7314059e5
speech,voice_300_points.mp3,35874,1.202,44100,46,True,PASS,83061b3c6ea5c95c5f6b754591b906eaf993258bb22272e9aabd8d7a02f93b84
speech,voice_400_points.mp3,35874,1.202,44100,46,True,PASS,fcc61dd6cad92931b27599da7569353160251143b0d47cccfabf12c207b9cf70
speech,voice_500_points.mp3,35874,1.202,44100,46,True,PASS,00271a0e115808d61144ea7323fbfe7fb6a9156f71e08478c2c5ec4512665a05
speech,voice_750_points.mp3,40471,1.489,44100,57,True,PASS,dc13bf22d47c1b126ac41273333c30434cca47a9fb10b195ef05cba82a772a5d
speech,voice_already_selected.mp3,43815,1.698,44100,65,True,PASS,949081847a35ca406573404d1c3bc83754a07d03c88122926ac903d65ff94af8
speech,voice_bankrupt.mp3,39635,1.437,44100,55,True,PASS,2021aa2b4bceebc70073c0ccfa6f9ee869f8e5ccf1e2508d2a35ec4964aa4d67
speech,voice_buy_vowel.mp3,41725,1.567,44100,60,True,PASS,40bc181de4995de563b42929b69cb35ee251ed70137417cfb47fafbc8589aa34
speech,voice_check_letter.mp3,41725,1.567,44100,60,True,PASS,650f4839e7572984dad5c247eab583f0869555a4f717c33648c6a26fee716e70
speech,voice_choose_letter.mp3,35874,1.202,44100,46,True,PASS,e4089f894ea3c745901e0f76726ed72020a59675a2327b5e654215e1ac576efe
speech,voice_congrats.mp3,33784,1.071,44100,41,True,PASS,4a31f294d7f6025242d61d10a6d61e959224763297ce69b6b9fbefa7a72b0547
speech,voice_continue.mp3,42561,1.62,44100,62,True,PASS,71f3619c33121dd4e1310f0358802e45ebf700b8c3b6a70e845a1cce81bfd52f
speech,voice_correct.mp3,34202,1.097,44100,42,True,PASS,8eec2fc02240729236c95c78891b8089b049832f1b503295bf21502e6fa17fc7
speech,voice_double.mp3,37128,1.28,44100,49,True,PASS,b7511f870dc21e2153cd5c0122919fdce1f5d3ae38c82136321bfc44108e3997
speech,voice_final.mp3,39635,1.437,44100,55,True,PASS,db330bbf1d2df3b492789cac7f41b0d7124130476af7dc9bfcca43811986fcb7
speech,voice_final_correct.mp3,43815,1.698,44100,65,True,PASS,799f678a66d9a40027290947f3427afaa23443d803436150abad3b670e6a3ffc
speech,voice_final_letters.mp3,43815,1.698,44100,65,True,PASS,dae386d1efddff4301cab27c1c1bffe107104ac65d9e9fb8de3b31d37ceb9257
speech,voice_final_wrong.mp3,35874,1.202,44100,46,True,PASS,670f476007cd37555d879909ed74e5087559c5120809cf9f3d23c636ae4570fc
speech,voice_five_letters.mp3,34202,1.097,44100,42,True,PASS,d47fbae1e34f9fb4306fd2e365af30142e70e948a9bf076b474d47f1b62fc42d
speech,voice_five_seconds.mp3,39635,1.437,44100,55,True,PASS,f7359d59229609ede0ebbe75a916b924758095b85839cddb5eea83240d471a8b
speech,voice_four_letters.mp3,35038,1.149,44100,44,True,PASS,aa049d1996f6b8f6d8207ab47b796f601efffc2bbe1bb6360ceaaf980f55ec10
speech,voice_game_over.mp3,43397,1.672,44100,64,True,PASS,6384e98033adfec58f95878b0a577739b0699371987db9762e39e3218ea2dcb3
speech,voice_game_start.mp3,49248,2.038,44100,78,True,PASS,cf45fed0bb02fc1caca83a03a86d95b9feef34f3f4582cfcd39bc80efca65e1f
speech,voice_get_ready.mp3,33784,1.071,44100,41,True,PASS,7cfb8de98c577a2bdae7b85860958e1b17b81397bb7c6aea35c0d2fbbb35c306
speech,voice_great.mp3,30440,0.862,44100,33,True,PASS,de4aadfa645bda5d1ded70109f4426aa76b68033396827f205ea3744cc52821e
speech,voice_joker.mp3,30022,0.836,44100,32,True,PASS,b36385551e720e29e9b38a52f5c09349cb5cab014a11ad80041df5194d6c0d65
speech,voice_letter_missing.mp3,42561,1.62,44100,62,True,PASS,2d0f711459f1d4407ba567861def63b22daa9ab7fc738e703bacf8d21aa0bff2
speech,voice_next_round.mp3,38799,1.384,44100,53,True,PASS,e90f9c797e5eeca8b1ebe78c0448609d5379d559e7e373ebeede9f75c02c2dae
speech,voice_one_letter.mp3,35038,1.149,44100,44,True,PASS,41e8b5ddaf765c25d5658ec056281d006ed396ea667dd4e029d0ddf3d8cc4dba
speech,voice_pass.mp3,37128,1.28,44100,49,True,PASS,be873f3e848e59b00e1c8bf446567fb688f961a6bdb510e291ef7329efe8d388
speech,voice_perfect.mp3,32112,0.967,44100,37,True,PASS,18763671f758e58fce4cb74ad252e008262707b2501324a3ec6bddb79b4bd669
speech,voice_play_again.mp3,37128,1.28,44100,49,True,PASS,1cd079da55e5ade4db894014cde356f2646debf628ce0969f056fec5fac6366a
speech,voice_round_complete.mp3,35038,1.149,44100,44,True,PASS,b9a076a87336e75f8fc1976955e38b6acc0e5e57cd5dc2728b331458687ce28c
speech,voice_round_winner.mp3,44651,1.75,44100,67,True,PASS,0810a86c120e64ffaa9ec1cf3debfdc28470d2d3fbad684974030027f3541d4d
speech,voice_solve.mp3,37963,1.332,44100,51,True,PASS,4204967d59fb72c232378ab12f3c351c4b78f00d503f620199673a54b0c8ade2
speech,voice_spin.mp3,35038,1.149,44100,44,True,PASS,251ccfe4e8a25fbd234a204d10f0f501203973720153f65e3a068f3785fe496c
speech,voice_thanks.mp3,43397,1.672,44100,64,True,PASS,626ca83a26845e407bc4efbd0d6f35351313b7e6565f523ec526c0c93962fdb6
speech,voice_three_letters.mp3,31276,0.914,44100,35,True,PASS,ecb231ad8aa9dea45402ece5fe0ed01291d3b84080e8039e7e235f5b73745d9c
speech,voice_time_up.mp3,32948,1.019,44100,39,True,PASS,3e9ada31e07f41d7c0c9ca4a1e5355be893d34b95a24c9af7138bbac18a32085
speech,voice_timer_start.mp3,37128,1.28,44100,49,True,PASS,cbbebf15a78f0759b71ea5a36a2f9cc4dc643776b5fcfb4637a4c7d0eb6653d4
speech,voice_too_close.mp3,35038,1.149,44100,44,True,PASS,e391e3a08683cf7fbdeae3bcf591a804b29a701d23749c2f7b45d1af4f0794a5
speech,voice_two_letters.mp3,32948,1.019,44100,39,True,PASS,26e2bf502ae5ee01bc2415a6011a87927e6298622220c07ecd4246f2d0e070f7
speech,voice_welcome.mp3,44651,1.75,44100,67,True,PASS,c27364022d84f3b5f1b62663e0b4a355f6c3f31837e442fffb13e0917db0d9ca
speech,voice_wheel_spinning.mp3,36710,1.254,44100,48,True,PASS,f70dd59218575f456cd4e277942ae5f6118488325530877aa14e39ec7ce11608
speech,voice_wrong.mp3,43397,1.672,44100,64,True,PASS,6b291ad3e0e0e5a2c1c15127dc2f0e8285159b7c5326ff267ec9e3ab43832a04
speech,voice_your_turn.mp3,34202,1.097,44100,42,True,PASS,1ab566b1b3a9bc1759a9e675dab5fa7bab07a82dd352e657c7825395b67fcba2
effects,effect_applause_big.mp3,121581,5.064,48000,211,True,PASS,c58c8e0fcd354a0676eb25d3ff0d957dc627c392b81600a18717e4dcf34b650e
effects,effect_applause_short.mp3,49581,2.064,48000,86,True,PASS,f22ba204248d0282ac85ce7e70bf1372e2b44d48c28bff6c29a342e7c7a25801
effects,effect_bankrupt.mp3,36909,1.536,48000,64,True,PASS,c1152952a0fbcad72756ba3f264a1a56643a88de48d3d8d90ef25f9764c14fb3
effects,effect_countdown.mp3,25389,1.056,48000,44,True,PASS,c413d1db8f57c54edf1b5853ac7f5655f30a0ae999dfc1570520f4688a777018
effects,effect_double.mp3,25389,1.056,48000,44,True,PASS,a3b307960b34f1441d617243e24f401b0a14721c5b713e133d41b43314379a25
effects,effect_final_intro.mp3,97389,4.056,48000,169,True,PASS,9d7a38d60039f55a2cc39bdc4b303fc5ed1f85a21eec5dd3df4ddebb5e3beeed
effects,effect_final_win.mp3,145197,6.048,48000,252,True,PASS,6462997dd06a39f2bcf82ed4dd8d9858855a326500abd6ca09751363e2597583
effects,effect_joker.mp3,25389,1.056,48000,44,True,PASS,d8dcfc2fce14d17a8f03d10086e7bbe1ddc95c82f65aca4141635dbf1b3609d7
effects,effect_letter_correct.mp3,20781,0.864,48000,36,True,PASS,b1de6973c273a460e6e0f57e99e4fa37d467d7e8b378481a6fdfff81d0497601
effects,effect_letter_reveal.mp3,12717,0.528,48000,22,True,PASS,137d533c2057e7791134fd30244e1d72a5a224ff12cafeb34e8ce3b2ef5e3416
effects,effect_letter_wrong.mp3,20781,0.864,48000,36,True,PASS,98b1a3f7cdfedaa9b34220ff50b1d0b87fa171e949353fab1ae4d00cd92a6dac
effects,effect_pass.mp3,25389,1.056,48000,44,True,PASS,de0bee0843f40f349cd16d508d056009e455eebca84e536ddb2985f5a540c88e
effects,effect_round_win.mp3,73197,3.048,48000,127,True,PASS,b388db3f67958bfc7169033b5c8b2c859f6da55783ce1799ca4fc29629903630
effects,effect_score_add.mp3,20781,0.864,48000,36,True,PASS,d56ca5f485d3641721033abdeb52e0fcfe85e9048205a0a0de5fc7993c0904b0
effects,effect_timeout.mp3,20781,0.864,48000,36,True,PASS,9ff83a11fddde450242630b2ae1db7765f401fc0c9cec2a30f4017c7e752a068
effects,effect_ui_back.mp3,12717,0.528,48000,22,True,PASS,4a1c0598bb122229dc5dc9ab8fff492c30c736f5d22aa3d3c066257053ee28ff
effects,effect_ui_disabled.mp3,12717,0.528,48000,22,True,PASS,29ef7b9ba795fd1d3f0866d5e2fe64b620ea646a2cbc9d65b776e26985be232d
effects,effect_ui_move.mp3,4653,0.192,48000,8,True,PASS,836342525ef67c966f074df3abea1a3d3d4c3f848a73af8ce0323865ae9b0d15
effects,effect_ui_select.mp3,17901,0.744,48000,31,True,PASS,d969633450888b085fb006a5e9b94be55ffaf09ecdf31e6daf7a346a1e16c00c
effects,effect_wheel_spin.mp3,73197,3.048,48000,127,True,PASS,7984a9471ca3329b31d89a7f9d452625ae813795a7632ddece97394b0035ae29
effects,effect_wheel_stop.mp3,29997,1.248,48000,52,True,PASS,e2e92a9d565cae4a61c5ebc076950facf22c5b383f40c16704578c75cb915ca8
effects,effect_wheel_tick.mp3,3501,0.144,48000,6,True,PASS,ea01e9c8fd31090c03e31d8c22bb5c07a87b3e1f82d0bff3f9c34418712b32b4
music,music_final_loop.mp3,737627,30.041,44100,1150,True,PASS,c2e7f26b31f662ba46b66afd4cc1d7352461d605072157b8051bf7365876df57
music,music_game_loop.mp3,1457353,60.029,44100,2298,True,PASS,67a6a06ce2c4c8170c66a847932c5cd8e091d663732d6dd7cbee52e326843c24
music,music_thinking_loop.mp3,737627,30.041,44100,1150,True,PASS,02112759d8e3db6e857385f897c27fb0cc63b52ec6197becef5b2bb22dbbfa7d
